date;libelle
2019-02-23;Salon de l'agriculture
2019-02-24;Salon de l'agriculture
2019-02-25;Salon de l'agriculture
2019-02-26;Salon de l'agriculture
2019-02-27;Salon de l'agriculture
2019-02-28;Salon de l'agriculture
2019-03-01;Salon de l'agriculture
2019-03-02;Salon de l'agriculture
2019-03-03;Salon de l'agriculture
2019-10-15;Salon de l'automobile
2019-10-16;Salon de l'automobile
2019-10-17;Salon de l'automobile
2019-10-18;Salon de l'automobile
2019-10-19;Salon de l'automobile
2019-12-04;Salon du cheval
2019-12-05;Salon du cheval
2019-12-06;Salon du cheval
2019-12-07;Salon du cheval
2019-12-08;Salon du cheval
2019-12-07;Salon nautique
2019-12-08;Salon nautique
2019-12-09;Salon nautique
2019-12-10;Salon nautique
2019-12-11;Salon nautique
2019-12-12;Salon nautique
2019-12-13;Salon nautique
2019-12-14;Salon nautique
2019-12-15;Salon nautique
2019-04-27;Foire de Paris
2019-04-28;Foire de Paris
2019-04-29;Foire de Paris
2019-04-30;Foire de Paris
2019-05-01;Foire de Paris
2019-05-02;Foire de Paris
2019-05-03;Foire de Paris
2019-05-04;Foire de Paris
2019-05-05;Foire de Paris
2019-05-06;Foire de Paris
2019-05-07;Foire de Paris
2019-05-08;Foire de Paris
2019-05-26;Internationaux de France de tennis
2019-05-27;Internationaux de France de tennis
2019-05-28;Internationaux de France de tennis
2019-05-29;Internationaux de France de tennis
2019-05-30;Internationaux de France de tennis
2019-05-31;Internationaux de France de tennis
2019-06-01;Internationaux de France de tennis
2019-06-02;Internationaux de France de tennis
2019-06-03;Internationaux de France de tennis
2019-06-04;Internationaux de France de tennis
2019-06-05;Internationaux de France de tennis
2019-06-06;Internationaux de France de tennis
2019-06-07;Internationaux de France de tennis
2019-06-08;Internationaux de France de tennis
2019-06-09;Internationaux de France de tennis
2019-07-14;Défile militaire
2019-07-28;Arrivee Tour de France
2019-01-01;Jour de l'an
2019-12-31;Reveillon nouvel an
2019-06-21;Fete de la musique
2023-02-25;Salon de l'agriculture
2023-02-26;Salon de l'agriculture
2023-02-27;Salon de l'agriculture
2023-02-28;Salon de l'agriculture
2023-03-01;Salon de l'agriculture
2023-03-02;Salon de l'agriculture
2023-03-03;Salon de l'agriculture
2023-03-04;Salon de l'agriculture
2023-03-05;Salon de l'agriculture
2023-09-28;Salon de l'automobile
2023-09-29;Salon de l'automobile
2023-09-30;Salon de l'automobile
2023-10-01;Salon de l'automobile
2023-10-02;Salon de l'automobile
2023-04-27;Foire de Paris
2023-04-28;Foire de Paris
2023-04-29;Foire de Paris
2023-04-30;Foire de Paris
2023-05-01;Foire de Paris
2023-05-02;Foire de Paris
2023-05-03;Foire de Paris
2023-05-04;Foire de Paris
2023-05-05;Foire de Paris
2023-05-06;Foire de Paris
2023-05-07;Foire de Paris
2023-05-08;Foire de Paris
2023-05-28;Internationaux de France de tennis
2023-05-29;Internationaux de France de tennis
2023-05-30;Internationaux de France de tennis
2023-05-31;Internationaux de France de tennis
2023-06-01;Internationaux de France de tennis
2023-06-02;Internationaux de France de tennis
2023-06-03;Internationaux de France de tennis
2023-06-04;Internationaux de France de tennis
2023-06-05;Internationaux de France de tennis
2023-06-06;Internationaux de France de tennis
2023-06-07;Internationaux de France de tennis
2023-06-08;Internationaux de France de tennis
2023-06-09;Internationaux de France de tennis
2023-06-10;Internationaux de France de tennis
2023-06-11;Internationaux de France de tennis
2023-07-14;Défile militaire
2023-07-23;Arrivee Tour de France
2023-01-01;Jour de l'an
2023-12-31;Reveillon nouvel an
2023-06-21;Fete de la musique
